"sample_id","Cohort","Mechanostress","LD_buffering","Turnover","Adjusted_LD_predicted","Adjusted_LD_residual","Adjusted_LD_excess"
"TCGA-3N-A9WB-06","SKCM",-0.973760123795332,0.395394692247006,-0.936292572032095,-0.276323860503062,0.671718552750068,0.703032696717266
"TCGA-3N-A9WC-06","SKCM",-0.278620863259163,1.09439705306315,0.535573450138219,0.158061409163946,0.936335643899204,0.979985695002659
"TCGA-3N-A9WD-06","SKCM",-0.348266400080063,0.107285117798175,0.45281417886225,0.133637033691486,-0.0263519158933112,-0.027580388271685
"TCGA-BF-A1PU-01","SKCM",1.70559001495925,1.40110508212728,0.224613891050747,0.0662892981870511,1.33481578394023,1.39704216351076
"TCGA-BF-A1PV-01","SKCM",1.2219192401766,-0.427908957805911,-0.804821205080298,-0.237523300991104,-0.190385656814807,-0.199261046429074
"TCGA-BF-A1PX-01","SKCM",0.862313756602902,0.287040949984223,0.813031212147139,0.239946283844149,0.0470946661400741,0.0492901230759585
"TCGA-BF-A1PZ-01","SKCM",0.467337101709701,1.02074831724311,0.779520796922713,0.230056504112396,0.790691813130709,0.827552246966712
"TCGA-BF-A1Q0-01","SKCM",1.64191283030369,0.587340237473218,1.10130343238015,0.325022781458236,0.262317456014982,0.27454615886848
"TCGA-BF-A3DJ-01","SKCM",0.645353475581788,0.621513463633825,1.63923679849958,0.483780662124657,0.137732801509168,0.144153622785885
"TCGA-BF-A3DL-01","SKCM",-0.0664040394448134,0.0632191090393141,0.139540563443831,0.0411819855666334,0.0220371234726807,0.0230644490604901
"TCGA-BF-A3DM-01","SKCM",-0.48954630055285,0.0793021744866043,0.219490050983878,0.0647771220679941,0.0145250524186102,0.0152021806305753
"TCGA-BF-A3DN-01","SKCM",0.309938827437764,-0.993893729576389,0.285921025497486,0.0843825999740511,-1.07827632955044,-1.12854336487606
"TCGA-BF-A5EO-01","SKCM",0.964573605410574,-0.381745367353988,0.372689430498972,0.109990173243234,-0.491735540597223,-0.514659244950791
"TCGA-BF-A5EP-01","SKCM",-0.341407757610735,-0.0365762364227229,-0.141437858143491,-0.0417419257088307,0.0051656892861078,0.00540650314681291
"TCGA-BF-A5EQ-01","SKCM",0.712194388622539,-1.08673915757977,0.393566760851361,0.116151606850946,-1.20289076443071,-1.25896706963322
"TCGA-BF-A5ER-01","SKCM",0.272501302982516,0.447398837697844,-0.823363796501624,-0.242995693487129,0.690394531184973,0.722579311038354
"TCGA-BF-A5ES-01","SKCM",1.74065209827682,1.18700933587763,2.82762514921958,0.834504428025215,0.352504907852413,0.368937965103017
"TCGA-BF-AAP0-06","SKCM",-0.0453264787452529,0.274416594703187,0.380895714147173,0.112412057220304,0.162004537482883,0.169556857408109
"TCGA-D3-A1Q1-06","SKCM",-1.35853100861794,-0.433838946671445,-0.988736882281957,-0.291801516422312,-0.142037430249133,-0.148658924506427
"TCGA-D3-A1Q3-06","SKCM",1.65356455684501,-0.384669690334549,1.01908159869303,0.300757017549893,-0.685426707884443,-0.717379897984348
"TCGA-D3-A1Q4-06","SKCM",1.20664527012313,0.628205445073151,-0.709359071918125,-0.209349986414894,0.837555431488045,0.876600551285241
"TCGA-D3-A1Q5-06","SKCM",-2.22967183162345,-0.481349839259229,-2.33038323293106,-0.687755633880051,0.206405794620821,0.216028010267476
"TCGA-D3-A1Q6-06","SKCM",-0.509948891572658,-0.0692374006858031,-0.613122944502633,-0.180948246358794,0.111710845672991,0.116918576633793
"TCGA-D3-A1Q7-06","SKCM",0.504353556147293,0.857328400649164,0.652069952344401,0.19244250347815,0.664885897171014,0.695881516721096
"TCGA-D3-A1Q8-06","SKCM",2.23534900258449,-1.14097196837261,0.0792100023720336,0.023376895534259,-1.16434886390686,-1.21862842459958
"TCGA-D3-A1Q9-06","SKCM",-0.301702011233443,0.962249905160075,0.351587023392253,0.103762313734555,0.85848759142552,0.898508525672299
"TCGA-D3-A1QA-06","SKCM",1.21792844669512,-0.253833334690489,0.619319185321496,0.182776915339857,-0.436610250030346,-0.456964126175393
"TCGA-D3-A1QB-06","SKCM",-0.960401982652825,1.76022931554334,1.2295012534746,0.36285723394782,1.39737208159552,1.46251470771427
"TCGA-D3-A2J6-06","SKCM",-0.203952305455818,2.73936061688705,0.774831858006857,0.228672678434831,2.51068793845222,2.62773107093609
"TCGA-D3-A2J7-06","SKCM",0.198819477544445,0.268718630982655,-0.321822132411787,-0.0949779339062239,0.363696564888879,0.380651354281965
"TCGA-D3-A2J8-06","SKCM",2.31771958988447,-0.0411371921824447,-0.164121449946489,-0.0484364332210245,0.00729924103857979,0.00763951671475039
"TCGA-D3-A2J9-06","SKCM",0.447642801679306,-1.51124566430544,0.410950670009398,0.121282042606469,-1.63252770691191,-1.7086328069354
"TCGA-D3-A2JA-06","SKCM",0.694128132235081,-1.15597867251058,-0.487825099282261,-0.143969650844718,-1.01200902166586,-1.05918681074256
"TCGA-D3-A2JB-06","SKCM",0.129328562505549,-0.16238348186854,0.160732898066579,0.0474363849829622,-0.209819866851502,-0.219601239557179
"TCGA-D3-A2JC-06","SKCM",0.227270640219877,0.216599136581659,-0.0656994614723951,-0.0193895897172642,0.235988726298923,0.24699003766617
"TCGA-D3-A2JD-06","SKCM",0.770397588623405,2.00795941298407,0.36539547934393,0.107837541895206,1.90012187108887,1.98870166329931
"TCGA-D3-A2JE-06","SKCM",-1.55249465763375,-0.716686014188195,-2.02113625831054,-0.596488950336282,-0.120197063851914,-0.125800404933508
"TCGA-D3-A2JF-06","SKCM",0.112150828258698,0.162158006882473,0.522849384567437,0.154306212311136,0.00785179457133628,0.00821782916216463
"TCGA-D3-A2JG-06","SKCM",-1.18069682742482,-0.196795232606331,0.0715371487758845,0.0211124403948136,-0.217907673001145,-0.228066082674331
"TCGA-D3-A2JH-06","SKCM",0.000745237361888372,0.0790398782184212,-0.272388582332103,-0.0803888302388271,0.159428708457248,0.166860948505845
"TCGA-D3-A2JK-06","SKCM",-0.612465467598183,1.28893761257162,0.0345682552907664,0.0102019753633937,1.27873563720823,1.33834767513034
"TCGA-D3-A2JL-06","SKCM",-0.661473080764936,-1.08135782301949,-0.466251280172253,-0.13760266560918,-0.943755157410305,-0.987751091046409
"TCGA-D3-A2JN-06","SKCM",-1.12138879633038,0.657049627112911,-1.92481390459779,-0.56806176269676,1.22511138980967,1.28222357508324
"TCGA-D3-A2JO-06","SKCM",0.444855839867325,0.32585238094505,-0.0711293930623281,-0.0209921012654883,0.346844482210539,0.363013662004223
"TCGA-D3-A2JP-06","SKCM",-0.793203019918362,0.253972557297948,0.580625978090459,0.171357561265393,0.082614996032555,0.0864663380403371
"TCGA-D3-A3BZ-06","SKCM",0.994495214202683,0.340549109189285,1.02867152439941,0.303587249650713,0.0369618595385725,0.0386849457718581
"TCGA-D3-A3C1-06","SKCM",0.276442052436108,-0.204448635526783,1.99591550000402,0.589045660163698,-0.79349429569048,-0.83048537552693
"TCGA-D3-A3C3-06","SKCM",-2.04805479611444,-1.26224578663265,-0.543634837022456,-0.160440530403833,-1.10180525622881,-1.15316916195408
"TCGA-D3-A3C6-06","SKCM",-1.52951722719994,-0.343655898592658,-0.999575092254445,-0.295000149104018,-0.0486557494886401,-0.0509239809348037
"TCGA-D3-A3C7-06","SKCM",0.663963270256812,-0.494234094103485,0.512112472371367,0.151137475191433,-0.645371569294918,-0.675457470823913
"TCGA-D3-A3C8-06","SKCM",0.110450663201606,-0.681802333291892,0.591382858469391,0.17453219150605,-0.856334524797942,-0.896255087485724
"TCGA-D3-A3CB-06","SKCM",0.499862122967532,-0.463010257108248,1.56589185777586,0.462134696136524,-0.925144953244771,-0.968273317256496
"TCGA-D3-A3CC-06","SKCM",1.15799515761147,-0.038912922373889,0.736049598542014,0.217227042770864,-0.256139965144753,-0.268080686018783
"TCGA-D3-A3CE-06","SKCM",-0.128673620667714,-1.83549571320339,-0.00671098007572185,-0.00198058168747184,-1.83351513151591,-1.91898985386691
"TCGA-D3-A3CF-06","SKCM",0.666786147304504,-0.635793159195357,1.16823752194538,0.344776741470733,-0.98056990066609,-1.02628206227551
"TCGA-D3-A3ML-06","SKCM",-0.401580940647633,0.515968669108272,-1.56568689716925,-0.462074207024722,0.978042876132994,1.02363723303133
"TCGA-D3-A3MO-06","SKCM",-0.783853409068354,-1.00675940280402,-0.226135290953441,-0.0667383021704631,-0.940021100633561,-0.983842960186093
"TCGA-D3-A3MR-06","SKCM",-0.542160758576312,-0.625048916964165,-0.0280739639553032,-0.00828534405962078,-0.616763572904544,-0.645515828200435
"TCGA-D3-A3MU-06","SKCM",1.43102776610341,-0.19520990697521,0.316108370968078,0.0932916569162308,-0.288501563891441,-0.301950916257059
"TCGA-D3-A3MV-06","SKCM",0.238079626593373,-0.565362862517564,-0.610483623756477,-0.180169315371335,-0.385193547146229,-0.403150481849298
"TCGA-D3-A51E-06","SKCM",-0.77533380986654,0.978943540800576,-0.311954105538501,-0.0920656270454996,1.07100916784608,1.12093742296843
"TCGA-D3-A51F-06","SKCM",0.386476703780521,-1.0485839592935,1.02927141559587,0.303764292870149,-1.35234825216365,-1.41539195951499
"TCGA-D3-A51G-06","SKCM",1.07977341243799,-0.261274686117269,-1.80248523997683,-0.531959448240835,0.270684762123566,0.283303531660542
"TCGA-D3-A51H-06","SKCM",-0.586356084801491,-0.420624410016673,0.00614182518740731,0.00181260953788825,-0.422437019554561,-0.442130168706461
"TCGA-D3-A51J-06","SKCM",-0.740557605365954,-0.226416391501256,1.46298102736488,0.431763080686217,-0.658179472187473,-0.688862451932416
"TCGA-D3-A51K-06","SKCM",-1.45870945180337,-0.982943686702779,-1.09068915846185,-0.321890238027739,-0.661053448675041,-0.691870407321001
"TCGA-D3-A51N-06","SKCM",-2.03127441822989,-0.561524839625484,0.659005996417305,0.194489507301629,-0.756014346927112,-0.79125818827111
"TCGA-D3-A51R-06","SKCM",-1.24640182910198,-2.56106757373109,-3.60805296792487,-1.06482861744027,-1.49623895629082,-1.56599055373412
"TCGA-D3-A51T-06","SKCM",-0.313303153389334,-1.13293480879294,1.45289393435702,0.428786121811989,-1.56172093060493,-1.63452516365363
"TCGA-D3-A5GL-06","SKCM",-0.496113444463635,0.246478083175864,0.409798991722821,0.120942152918448,0.125535930257417,0.13138815836254
"TCGA-D3-A5GN-06","SKCM",-0.00602302117757628,0.885178011088786,-1.19771587219358,-0.353476555807791,1.23865456689658,1.29639810736398
"TCGA-D3-A5GO-06","SKCM",-0.508665829943824,0.466055086841896,1.94970819405684,0.575408703571103,-0.109353616729207,-0.114451458501736
"TCGA-D3-A5GR-06","SKCM",0.0466412179558171,0.741585667141982,1.73015514132423,0.510612988077347,0.230972679064635,0.241740152577326
"TCGA-D3-A5GS-06","SKCM",0.288880412780873,0.63993068360977,0.927111127239965,0.273614181556821,0.366316502052949,0.383393427553791
"TCGA-D3-A5GT-01","SKCM",-2.63255914070754,-0.934751580263741,-0.69878912223576,-0.206230524198917,-0.728521056064824,-0.762483216465711
"TCGA-D3-A5GU-06","SKCM",-1.81362143811793,-0.13854740798863,-0.287581889967666,-0.0848727635146809,-0.053674644473949,-0.0561768465309923
"TCGA-D3-A8GB-06","SKCM",-0.832465413451118,1.7497386310957,-0.182234407389492,-0.0537820297527962,1.8035206608485,1.88759710237361
"TCGA-D3-A8GC-06","SKCM",0.245848797352032,1.4788707782035,1.57902658989002,0.466011091178923,1.01285968702458,1.06007713237905
"TCGA-D3-A8GD-06","SKCM",-1.47691974851827,-0.679316619877577,0.684365188324998,0.201973652766933,-0.881290272644509,-0.922374221214186
"TCGA-D3-A8GE-06","SKCM",1.92759658443716,-2.04341866175795,-0.263793976857107,-0.0778523425689557,-1.965566319189,-2.05719699760955
"TCGA-D3-A8GI-06","SKCM",1.17506585754567,1.29842146747145,-0.547266190094667,-0.161512235477371,1.45993370294882,1.52799282379569
"TCGA-D3-A8GJ-06","SKCM",-1.09191102254915,-0.0581190301900045,-0.0315690170903626,-0.00931682353921001,-0.0488022066507945,-0.0510772656300699
"TCGA-D3-A8GK-06","SKCM",0.363566133122265,0.739765644401116,-1.76289957178206,-0.520276706133386,1.2600423505345,1.31878294569577
"TCGA-D3-A8GL-06","SKCM",-0.47961932181318,-0.426641328932237,-1.2147960539156,-0.358517353836637,-0.0681239750956006,-0.0712997753694322
"TCGA-D3-A8GM-06","SKCM",-0.0726350003924196,0.456092311388026,0.201482857661486,0.0594627392305129,0.396629572157513,0.415119630937846
"TCGA-D3-A8GN-06","SKCM",-0.840556835638239,0.340796267486981,0.587901431359392,0.173504733414605,0.167291534072376,0.175090322956483
"TCGA-D3-A8GO-06","SKCM",-2.86307499921882,-2.35651822848254,-0.410016433982018,-0.121006325684838,-2.23551190279771,-2.33972689176592
"TCGA-D3-A8GP-06","SKCM",-2.05945512937756,-0.607344619322557,-1.07106977799734,-0.316100057572855,-0.291244561749702,-0.304821787060742
"TCGA-D3-A8GQ-06","SKCM",0.446064742748901,-1.15277304269499,-2.10796063723455,-0.62211304294015,-0.530659999754836,-0.555398282718622
"TCGA-D3-A8GR-06","SKCM",-2.23202731187097,0.262747086449252,0.207513183874664,0.061242442572281,0.201504643876971,0.210898377908269
"TCGA-D3-A8GS-06","SKCM",-2.35398324030908,-0.545385236536533,-0.0551254538712483,-0.0162689299057737,-0.529116306630759,-0.553782625780936
"TCGA-D3-A8GV-06","SKCM",-0.959921097496446,0.851779801370008,-1.08587079176143,-0.320468214904037,1.17224801627404,1.2268958192811
"TCGA-D9-A148-06","SKCM",0.0804383312767542,0.91853462327154,0.573811883240746,0.16934654777351,0.74918807549803,0.784113690040915
"TCGA-D9-A149-06","SKCM",-0.0806990869367424,-0.215620155181415,-0.0386641523395398,-0.0114107792336239,-0.204209375947791,-0.213729199051829
"TCGA-D9-A1JW-06","SKCM",0.527084178639875,1.46676255415971,0.791047847802162,0.233458431345794,1.23330412281392,1.29079823653018
"TCGA-D9-A1JX-06","SKCM",0.486896815933958,0.173077093414348,-0.0624595850078668,-0.0184334193929729,0.191510512807321,0.200438340905455
"TCGA-D9-A1X3-06","SKCM",1.42353481900637,-1.62580280293474,0.61201529444458,0.180621350525942,-1.80642415346068,-1.89063594986813
"TCGA-D9-A3Z1-06","SKCM",0.730782664359098,1.41795413917587,1.66618572929263,0.491733980153231,0.926220159022643,0.969398646926859
"TCGA-D9-A3Z3-06","SKCM",1.24566522685554,1.025090063668,0.236814400715787,0.0698899803151087,0.955200083352888,0.999729556009454
"TCGA-D9-A3Z4-01","SKCM",-0.940670625945102,0.37852443346122,0.0215951874480088,0.006373291578048,0.372151141883172,0.38950006634979
"TCGA-D9-A4Z2-01","SKCM",-0.553933811101519,-0.292231721297981,0.567517579911103,0.167488938039995,-0.459720659337975,-0.481151895459514
"TCGA-D9-A4Z3-01","SKCM",-1.65614440761324,-0.991240266876332,-1.69130847290144,-0.499148343684225,-0.492091923192106,-0.515032241372757
"TCGA-D9-A4Z5-01","SKCM",1.08824076549513,-0.612013646517515,-0.641770124953513,-0.189402761252076,-0.422610885265439,-0.442312139680889
"TCGA-D9-A4Z6-06","SKCM",-1.25145453657784,-0.413423781319917,1.01992708221426,0.301006541339312,-0.714430322659228,-0.747735601911515
"TCGA-D9-A6E9-06","SKCM",-0.580164376258922,0.481433166766062,0.667268645455413,0.196928026145409,0.284505140620653,0.297768187913792
"TCGA-D9-A6EA-06","SKCM",0.030874837154421,1.06505870700006,-0.917401281279059,-0.2707485579249,1.33580726492496,1.3980798653095
"TCGA-D9-A6EC-06","SKCM",0.109580615898571,0.499864371896401,0.592013767186267,0.174718388788267,0.325145983108134,0.34030362328901
"TCGA-D9-A6EG-06","SKCM",-2.8109767096538,0.595748634093869,1.26565638586464,0.373527537288292,0.222221096805577,0.232580589467242
"TCGA-DA-A1HV-06","SKCM",0.588750753951905,0.484443540202186,1.44603644375904,0.426762301126021,0.0576812390761653,0.0603702203723385
"TCGA-DA-A1HW-06","SKCM",1.11884685924213,0.349417808922029,0.108793713159121,0.0321078044583276,0.317310004463701,0.332102347359887
"TCGA-DA-A1HY-06","SKCM",0.63897563693695,0.584168231203674,0.369961330513842,0.109185041234023,0.474983189969651,0.49712593402788
"TCGA-DA-A1I0-06","SKCM",0.261998290040992,0.151794517455081,-0.725028207693425,-0.213974348732306,0.365768866187387,0.382820262025149
"TCGA-DA-A1I1-06","SKCM",-0.0256150683990832,1.46907291681706,0.235598538053962,0.0695311481780256,1.39954176863903,1.46478554112655
"TCGA-DA-A1I2-06","SKCM",-0.708482596911456,-0.863509386522283,-1.06902696198994,-0.315497170374642,-0.548012216147641,-0.573559423920858
"TCGA-DA-A1I4-06","SKCM",0.567841490529774,0.750297619260826,0.580252192711936,0.171247247649886,0.57905037161094,0.606044514658871
"TCGA-DA-A1I5-06","SKCM",-0.453712153112897,1.12355534986018,0.748886990513341,0.22101568514,0.902539664720175,0.944614216452365
"TCGA-DA-A1I7-06","SKCM",0.314715643084006,0.425313180902835,-2.50293718393244,-0.738680713614768,1.1639938945176,1.21825690726399
"TCGA-DA-A1I8-06","SKCM",-0.104416090369697,0.499484782452463,2.1998954118734,0.649245343891283,-0.149760561438819,-0.156742092263454
"TCGA-DA-A1IA-06","SKCM",-0.394599740643993,0.354456296496948,-1.04350648387395,-0.307965425228369,0.662421721725317,0.69330246646012
"TCGA-DA-A1IB-06","SKCM",0.0943204239625922,-1.5028999393159,0.802452605342393,0.236824266690166,-1.73972420600607,-1.82082658739342
"TCGA-DA-A1IC-06","SKCM",1.04023442168187,-0.573129347162566,-0.15376586122182,-0.0453802344006364,-0.52774911276193,-0.552351696132494
"TCGA-DA-A3F2-06","SKCM",1.26395328861882,-0.697041623274423,1.48187139093254,0.437338109628286,-1.13437973290271,-1.18726219405278
"TCGA-DA-A3F3-06","SKCM",0.31598841106406,0.978371650098245,-0.591683062650197,-0.174620789430094,1.15299243952834,1.20674258696236
"TCGA-DA-A3F5-06","SKCM",1.19696811559948,0.797751755916759,-1.2244629564247,-0.361370303758715,1.15912205967547,1.21315795745384
"TCGA-DA-A3F8-06","SKCM",1.03253448695067,-0.344604289910759,1.16300386900302,0.343232156766375,-0.687836446677135,-0.719901973866984
"TCGA-DA-A95V-06","SKCM",-0.577439454136134,0.25890440582418,0.342095976008306,0.10096126315305,0.15794314267113,0.16530612868363
"TCGA-DA-A95W-06","SKCM",-2.42908140768783,-0.359069790960131,-0.195130146207975,-0.0575878917673037,-0.301481899192827,-0.315536368220335
"TCGA-DA-A95X-06","SKCM",0.0236488565106256,0.501991377025638,-0.554196510831503,-0.163557550198143,0.665548927223781,0.696575455877746
"TCGA-DA-A95Y-06","SKCM",-1.18251293780093,0.992153620611661,0.476089408230598,0.140506148565694,0.851647472045967,0.891349533928528
"TCGA-DA-A95Z-06","SKCM",-1.0808814495684,-0.576607045420433,-0.883794394140048,-0.260830306866273,-0.31577673855416,-0.330497603732134
"TCGA-EB-A1NK-01","SKCM",1.68252244102949,0.689135611269008,0.840208360375225,0.247966954668815,0.441168656600193,0.461735036328779
"TCGA-EB-A24C-01","SKCM",0.249487752966899,-0.171279454260061,0.473504193819261,0.13974318574007,-0.311022640000131,-0.32552187883483
"TCGA-EB-A24D-01","SKCM",-1.09274656402678,0.232233089442096,0.235367509651485,0.0694629657936244,0.162770123648471,0.170358133633635
"TCGA-EB-A299-01","SKCM",-0.559426475104715,-0.129960635950087,0.658663810414598,0.194388519469297,-0.324349155419384,-0.339469649124462
"TCGA-EB-A3HV-01","SKCM",0.752992987378239,-0.513025385123159,1.48607606056826,0.438579015068089,-0.951604400191248,-0.995966249458936
"TCGA-EB-A3XB-01","SKCM",-0.234914148054861,-0.380697261899651,0.847122748779149,0.250007567351069,-0.63070482925072,-0.66010699738067
"TCGA-EB-A3XC-01","SKCM",-0.409213910017052,0.368403804628825,0.795099898348814,0.23465429499296,0.133749509635865,0.139984637998976
"TCGA-EB-A3XD-01","SKCM",1.38427836836981,2.46681611957828,1.99317820347626,0.588237814019782,1.87857830555849,1.96615378084212
"TCGA-EB-A3XE-01","SKCM",0.272154841152365,-1.29069564253104,0.50149081567986,0.148002752915932,-1.43869839544697,-1.50576756972533
"TCGA-EB-A3XF-01","SKCM",-0.181022740802541,-0.754770765356584,0.430978158951319,0.127192666300303,-0.881963431656887,-0.92307876152181
"TCGA-EB-A3Y6-01","SKCM",0.393910954803944,0.582718122042071,0.460220274994895,0.135822761887735,0.446895360154336,0.467728707080444
"TCGA-EB-A3Y7-01","SKCM",0.0950544354870823,0.679097145339436,-0.504225666697512,-0.14880987732733,0.827907022666767,0.866502353394349
"TCGA-EB-A41A-01","SKCM",-0.645387024013279,-1.53679782761109,1.16003684287402,0.342356511547489,-1.87915433915858,-1.96675666794954
"TCGA-EB-A41B-01","SKCM",-0.742343009891279,1.04963422012925,0.132308113394824,0.0390475047663643,1.01058671536289,1.0576981994311
"TCGA-EB-A42Y-01","SKCM",-0.428869986377643,-0.798267601955641,0.336554692495024,0.0993258888071774,-0.897593490762818,-0.939437461989596
"TCGA-EB-A42Z-01","SKCM",-0.453186166538834,0.714646675067303,0.89051648202148,0.262814166751016,0.451832508316287,0.472896014983701
"TCGA-EB-A430-01","SKCM",-0.230480204728428,-0.493323789052992,-0.600730062981462,-0.177290790380846,-0.316032998672146,-0.330765810172273
"TCGA-EB-A431-01","SKCM",-0.0183408884181583,1.23747300812497,0.957165766668052,0.282484073555187,0.954988934569788,0.999508563902293
"TCGA-EB-A44N-01","SKCM",-0.0687259503340514,-0.434539423401292,0.0956526256713289,0.0282295337827906,-0.462768957184083,-0.484342298711549
"TCGA-EB-A44O-01","SKCM",0.268565792847535,-0.0604707341632821,-0.204495835221611,-0.0603519458907941,-0.000118788272487961,-0.00012432593859987
"TCGA-EB-A44P-01","SKCM",-0.476303980683181,-1.1429014602283,0.455820388422788,0.134524242942165,-1.27742570317046,-1.33697667464908
"TCGA-EB-A44Q-06","SKCM",-0.37674744377263,0.335095596693951,0.76931300458011,0.227043923780588,0.108051672913363,0.113088820730187
"TCGA-EB-A44R-06","SKCM",-0.725318367695293,0.383992848126649,-0.191890132737581,-0.0566316810090807,0.440624529135729,0.461165542755714
"TCGA-EB-A4IQ-01","SKCM",0.204254539321549,1.43413431580866,0.255170331503785,0.0753072844890146,1.35882703131964,1.42217276609362
"TCGA-EB-A4IS-01","SKCM",0.553926263922775,0.503439227259132,0.822949940046762,0.242873553873169,0.260565673385964,0.272712711719076
"TCGA-EB-A4OY-01","SKCM",-0.546564811842967,1.15407969648788,-1.77629794616188,-0.524230908744501,1.67831060523239,1.75655001026111
"TCGA-EB-A4OZ-01","SKCM",-0.0564327546153568,-2.17935646369096,-1.2350577874492,-0.364497109094478,-1.81485935459648,-1.8994643828146
"TCGA-EB-A4P0-01","SKCM",-1.96442116175647,-1.60873360253796,0.0482403430330378,0.0142369577812094,-1.62297056031917,-1.69863012573133
"TCGA-EB-A4XL-01","SKCM",-0.258215309667225,-0.560571027894579,0.251515370905137,0.0742286122312469,-0.634799640125826,-0.664392699956975
"TCGA-EB-A551-01","SKCM",-0.68267148990572,-0.342747123459901,0.471546595110836,0.139165448344104,-0.481912571804005,-0.50437834945938
"TCGA-EB-A553-01","SKCM",-1.72310595354584,-0.883011893596463,-2.05062045260577,-0.605190489400935,-0.277821404195528,-0.29077286937768
"TCGA-EB-A57M-01","SKCM",1.42664890450977,0.528536072939847,0.168637759490689,0.0497693115602938,0.478766761379554,0.5010858877922
"TCGA-EB-A5FP-01","SKCM",-0.166668006083854,0.576905046658681,-0.256059877295053,-0.0755698121801227,0.652474858838804,0.682891901186386
"TCGA-EB-A5KH-06","SKCM",1.98691893812825,0.343618100978484,-0.623329880853179,-0.183960574065475,0.527578675043959,0.552173312956985
"TCGA-EB-A5SE-01","SKCM",-0.194169289021985,-0.0357332969305221,-0.913058771549437,-0.269466972351539,0.233733675421017,0.244629860932271
"TCGA-EB-A5SF-01","SKCM",0.723784972138408,0.552862015990277,0.204595919488605,0.060381483315161,0.492480532675116,0.515438967034408
"TCGA-EB-A5SG-06","SKCM",-0.0683700618200914,-0.160243433811323,0.518851973132222,0.153126474061798,-0.313369907873121,-0.327978571531363
"TCGA-EB-A5SH-06","SKCM",0.320225704561356,-0.193720472981759,0.0756912301718332,0.0223384159525191,-0.216058888934278,-0.226131112078601
"TCGA-EB-A5UL-06","SKCM",-0.343770783494787,0.730638918015937,0.149677814020162,0.0441737472208555,0.686465170795081,0.718466771910218
"TCGA-EB-A5UM-01","SKCM",-0.809655788637328,-1.14151213001053,-0.898519126645341,-0.265175951648978,-0.876336178361549,-0.917189177196446
"TCGA-EB-A5UN-06","SKCM",-0.230722144480084,0.0949742208822818,0.638425911662354,0.188415798464416,-0.0934415775821339,-0.0977976326604842
"TCGA-EB-A5VU-01","SKCM",-0.345121060491271,-0.0249679715337424,0.928529551464904,0.274032794786675,-0.299000766320417,-0.312939570012123
"TCGA-EB-A5VV-06","SKCM",-0.0937913578391837,-3.05420533190012,-1.26106409543047,-0.372172235047064,-2.68203309685305,-2.80706398988973
"TCGA-EB-A6L9-06","SKCM",0.121978231537388,-0.580309705913956,-0.99937498448778,-0.294941092189275,-0.285368613724682,-0.29867191436646
"TCGA-EB-A6QY-01","SKCM",-0.901540806876626,0.489790547943493,1.6641336282003,0.491128352689218,-0.00133780474572539,-0.00140017046457614
"TCGA-EB-A6QZ-01","SKCM",-0.793101665510694,-1.54691968666343,-0.124463023847361,-0.0367322183970169,-1.51018746826642,-1.58058931678637
"TCGA-EB-A6R0-01","SKCM",-0.238608936470969,-0.870527970557992,-0.134128951003096,-0.0395848804673964,-0.830943090090596,-0.869679956066854
"TCGA-EE-A17X-06","SKCM",0.366438034574491,1.04212114017284,1.14364633435728,0.337519253702833,0.704601886470006,0.737448984145289
"TCGA-EE-A17Y-06","SKCM",0.262054133374955,0.122790557814496,-1.69676413250284,-0.500758448225991,0.623549006040487,0.652617584339858
"TCGA-EE-A17Z-06","SKCM",0.981548688315649,0.626901326476172,-1.49973470298592,-0.442610029427081,1.06951135590325,1.11936978609875
"TCGA-EE-A180-06","SKCM",1.45774273338783,0.101797004965606,0.0489485476121034,0.0144459670472861,0.08735103791832,0.0914231645044621
"TCGA-EE-A181-06","SKCM",0.136904552414493,0.575562073673539,0.650475146092395,0.191971835405507,0.383590238268032,0.401472429993063
"TCGA-EE-A182-06","SKCM",0.700066721146371,0.83694837902606,0.184449959674011,0.054435895839842,0.782512483186218,0.818991613402739
"TCGA-EE-A183-06","SKCM",1.00576371535694,1.98298958687995,-0.08562688906919,-0.0252706827515607,2.00826026963151,2.10188125263009
"TCGA-EE-A184-06","SKCM",0.413016369797163,0.938687579307651,0.698118157950812,0.206032505495133,0.732655073812518,0.76680995365875
"TCGA-EE-A185-06","SKCM",0.387205058594427,1.20536071118171,0.847481317555808,0.250113390158579,0.955247321023133,0.999778995803194
"TCGA-EE-A20B-06","SKCM",-0.317986870650333,1.14336453565845,-0.0300809107433218,-0.00887764533472968,1.15224218099318,1.20595735291001
"TCGA-EE-A20C-06","SKCM",0.356242633902001,1.17939233088394,0.422222044119725,0.124608513092697,1.05478381779124,1.10395568030622
"TCGA-EE-A20F-06","SKCM",-0.113092646784412,0.134049209324618,0.560098211233183,0.165299292776518,-0.0312500834519003,-0.032706898375641
"TCGA-EE-A20H-06","SKCM",-1.33637018468416,-0.948957944457633,-1.33793098419882,-0.394857617889771,-0.554100326567862,-0.579931349586923
"TCGA-EE-A20I-06","SKCM",1.05702116729321,1.95364594952381,-0.230933500964197,-0.0681543765400363,2.02180032606385,2.11605251877773
"TCGA-EE-A29A-06","SKCM",0.446679626962469,0.929672169642636,-1.3201066670628,-0.389597206487417,1.31926937613005,1.38077101399091
"TCGA-EE-A29B-06","SKCM",0.167784814218773,-1.69850449405147,-0.881711309669311,-0.260215535415658,-1.43828895863581,-1.50533904580813
"TCGA-EE-A29C-06","SKCM",0.929012298180157,2.66543180656619,1.06890225847065,0.315460367179895,2.3499714393863,2.45952229765942
"TCGA-EE-A29D-06","SKCM",0.338364913576068,0.0152271385497588,-0.428594851473106,-0.126489291369413,0.141716429919172,0.148322959798149
"TCGA-EE-A29E-06","SKCM",-0.602579607197567,0.334786285766394,0.137874353617409,0.0406902444748017,0.294096041291593,0.307806196742092
"TCGA-EE-A29G-06","SKCM",0.62388290843227,3.7988559877327,1.54763061317124,0.456745336274589,3.34211065145811,3.4979130089568
"TCGA-EE-A29H-06","SKCM",1.21394803896622,0.71235342566604,0.219974701302927,0.0649201547600756,0.647433270905964,0.677615284743904
"TCGA-EE-A29L-06","SKCM",0.239048956746273,0.649951272869729,0.120261354878899,0.035492198530789,0.61445907433894,0.643103898628854
"TCGA-EE-A29M-06","SKCM",0.0853156379540157,1.27791081358333,1.02581392107465,0.302743897897136,0.975166915686196,1.0206272011954
"TCGA-EE-A29N-06","SKCM",1.17398448759599,0.845098342091366,0.999290848058183,0.294916261379195,0.550182080712171,0.575830443129822
"TCGA-EE-A29P-06","SKCM",-0.576013085701253,-0.495923261491033,1.3581288499051,0.400818524119934,-0.896741785610966,-0.938546052086947
"TCGA-EE-A29Q-06","SKCM",-1.07455538500071,1.51615832849595,0.0082252212765864,0.00242747295506729,1.51373085554088,1.5842978895225
"TCGA-EE-A29R-06","SKCM",0.395732937839124,1.48484792430811,0.429660319638487,0.126803738247981,1.35804418606013,1.42135342619054
"TCGA-EE-A29S-06","SKCM",0.812488314622496,-0.602223403762646,0.0948713785020764,0.0279989677820944,-0.630222371544741,-0.659602048483996
"TCGA-EE-A29T-06","SKCM",-0.180831464317887,-0.371835688891408,1.35400764709955,0.399602251874311,-0.771437940765719,-0.807400798483429
"TCGA-EE-A29V-06","SKCM",0.770006481314049,1.70543307734295,0.752916432318165,0.222204876369794,1.48322820097316,1.55237326363568
"TCGA-EE-A29W-06","SKCM",0.243949360693263,0.119379537016845,-2.44506953480843,-0.721602491826167,0.840982028843012,0.880186889594885
"TCGA-EE-A29X-06","SKCM",1.30603945921956,0.893834710615579,0.52229458979734,0.154142478199343,0.739692232416235,0.774175170191989
"TCGA-EE-A2A0-06","SKCM",0.224764932202977,-3.11304660580251,-0.877484178039591,-0.258968000867516,-2.854078604935,-2.98712990739305
"TCGA-EE-A2A1-06","SKCM",1.41458913544463,1.55159174254004,0.204441516530446,0.0603359150571761,1.49125582748286,1.56077512166126
"TCGA-EE-A2A2-06","SKCM",1.00992081312794,-0.26694436305924,-0.322505644008281,-0.0951796556422318,-0.171764707417008,-0.179772026486162
"TCGA-EE-A2A5-06","SKCM",0.188738483796216,-0.257212213972275,-0.533350580384703,-0.157405383504845,-0.0998068304674298,-0.104459620606055
"TCGA-EE-A2A6-06","SKCM",-0.676579383148414,0.738955190289705,0.227137143662103,0.0670339745023626,0.671921215787343,0.703244807490501
"TCGA-EE-A2GB-06","SKCM",-1.23381481469953,0.892772466728157,1.45579039506597,0.429640941372456,0.4631315253557,0.484721769069175
"TCGA-EE-A2GC-06","SKCM",0.25416756087753,-0.6021863854264,0.159843846566222,0.0471740031697311,-0.649360388596131,-0.679632240716108
"TCGA-EE-A2GD-06","SKCM",0.785375336053169,-0.890528067516026,0.798714275423314,0.235720990015833,-1.12624905753186,-1.17875248323908
"TCGA-EE-A2GE-06","SKCM",0.55641933655262,-0.77243302961971,0.219482993733306,0.0647750392930359,-0.837208068912746,-0.876236995377709
"TCGA-EE-A2GH-06","SKCM",-0.766010319061938,-0.548446487218111,0.163837424904012,0.0483526101740827,-0.596799097392193,-0.624620649705617
"TCGA-EE-A2GI-06","SKCM",-0.375531926486393,-0.068474560246929,0.211516704440772,0.0624239837822359,-0.130898544029165,-0.137000766211423
"TCGA-EE-A2GJ-06","SKCM",0.276095832122225,-0.429517914764517,0.685543237558674,0.202321325195227,-0.631839239959743,-0.661294291994887
"TCGA-EE-A2GK-06","SKCM",0.617693189025037,-2.26009592186253,-0.435108519917936,-0.12841164135325,-2.13168428050928,-2.23105903825446
"TCGA-EE-A2GL-06","SKCM",-0.329391828339281,-0.111673610411042,-0.159272685029345,-0.0470054388068863,-0.0646681716041557,-0.0676828693930099
"TCGA-EE-A2GM-06","SKCM",0.530942877436263,-0.9939860800685,-0.0558355155324848,-0.0164784872442476,-0.977507592824253,-1.02307699591042
"TCGA-EE-A2GN-06","SKCM",-0.187807694412868,-0.587504032586542,-0.161489118664094,-0.0476595650029038,-0.539844467583638,-0.565010911637625
"TCGA-EE-A2GO-06","SKCM",0.331440575884388,1.30082692209012,-1.69867845435623,-0.501323413516303,1.80215033560642,1.88616289537372
"TCGA-EE-A2GP-06","SKCM",0.565768021886399,0.0689951170268551,-0.22116100317141,-0.0652702627517577,0.134265379778613,0.140524556951827
"TCGA-EE-A2GR-06","SKCM",0.958643882828845,0.487796919997659,0.942429636320595,0.278135064978041,0.209661855019619,0.219435861537132
"TCGA-EE-A2GS-06","SKCM",-0.613260481056149,-1.88079744031668,-0.268951565876272,-0.0793744788661288,-1.80142296145055,-1.88540161252358
"TCGA-EE-A2GT-06","SKCM",1.93985742834786,0.0906288845770783,1.25476644193652,0.370313636594465,-0.279684752017387,-0.292723082660848
"TCGA-EE-A2GU-06","SKCM",-0.593200292080602,0.189084542028525,-0.428921160265628,-0.126585593431353,0.315670135459878,0.330386031019805
"TCGA-EE-A2M5-06","SKCM",3.37728468759968,1.31044633777876,-1.44994560112952,-0.427915993345945,1.7383623311247,1.81940122469275
"TCGA-EE-A2M6-06","SKCM",-0.962787710841536,-0.612919775098338,-1.0296967504437,-0.30388982005115,-0.309029955047187,-0.323436298988271
"TCGA-EE-A2M7-06","SKCM",-1.20770557398545,-1.22352140867221,-1.28247777977195,-0.378491960420928,-0.845029448251279,-0.884422991411175
"TCGA-EE-A2M8-06","SKCM",0.0093860629407256,-0.517096850275321,1.14363408432243,0.33751563840456,-0.854612488679881,-0.894452773568729
"TCGA-EE-A2MC-06","SKCM",1.86701890756989,-0.467471934830799,-0.339316589937582,-0.100140995309608,-0.367330939521191,-0.384455156020318
"TCGA-EE-A2MD-06","SKCM",-0.404407429292946,1.65409150290542,0.727900319014467,0.214821982166268,1.43926952073915,1.50636531970958
"TCGA-EE-A2ME-06","SKCM",1.01373749532237,-1.62672914814157,0.489884433005113,0.144577412842795,-1.77130656098437,-1.85388124711388
"TCGA-EE-A2MF-06","SKCM",-0.616070203271616,-2.58677574094062,-0.153113523712947,-0.0451877129343905,-2.54158802800623,-2.66007165941473
"TCGA-EE-A2MG-06","SKCM",0.975027435638948,0.436932998757815,0.58752758807288,0.173394402708971,0.263538596048844,0.27582422595113
"TCGA-EE-A2MH-06","SKCM",-0.849814821456546,0.964367543128482,0.728648754784845,0.215042864684817,0.749324678443665,0.784256661136258
"TCGA-EE-A2MI-06","SKCM",1.3726019596333,-0.508992390727381,1.1990552144375,0.353871829924483,-0.862864220651863,-0.903089184394513
"TCGA-EE-A2MJ-06","SKCM",-0.00087160910835151,1.19171194322498,-0.0582141219942297,-0.0171804747850657,1.20889241801005,1.26524850801744
"TCGA-EE-A2MK-06","SKCM",0.0723480506569311,-1.47615847939937,0.0845379262196203,0.0249493019913947,-1.50110778139076,-1.57108635349408
"TCGA-EE-A2ML-06","SKCM",0.185668905100077,-1.08667362658441,1.05461535252653,0.311243936201964,-1.39791756278638,-1.46308561812168
"TCGA-EE-A2MM-06","SKCM",-0.0881901893382211,-1.23511721228755,-0.236695642753062,-0.0698549318060147,-1.16526228048153,-1.21958442278526
"TCGA-EE-A2MN-06","SKCM",0.217716071911603,0.517350994940924,0.393891083371233,0.116247322713078,0.401103672227846,0.41980230439528
"TCGA-EE-A2MP-06","SKCM",-0.427672754424779,-0.178521677886928,0.742402986491439,0.219102089885302,-0.397623767772231,-0.416160173917071
"TCGA-EE-A2MQ-06","SKCM",1.20754536826907,1.84003511757939,-0.0719819385915019,-0.0212437092338873,1.86127882681328,1.94804783580865
"TCGA-EE-A2MR-06","SKCM",1.07369777536117,-1.477231470551,-0.914318129792922,-0.269838641146092,-1.2073928294049,-1.26367901166108
"TCGA-EE-A2MS-06","SKCM",-0.86026220924377,-0.667182425400344,-0.52681207587171,-0.155475703762726,-0.511706721637618,-0.535561441571646
"TCGA-EE-A2MT-06","SKCM",0.539709708546861,0.545443760134154,-0.661256721484557,-0.195153753775532,0.740597513909686,0.775122654055615
"TCGA-EE-A2MU-06","SKCM",0.508606376910834,0.200363195306868,0.698417222176922,0.20612076698942,-0.00575757168255132,-0.00602597788903578
"TCGA-EE-A3AA-06","SKCM",0.62784937286032,0.0283534866642139,0.856409662036243,0.252748372736066,-0.224394886071852,-0.234855716339512
"TCGA-EE-A3AB-06","SKCM",1.30004659716103,1.3800256959535,-0.644662452393442,-0.190256360979249,1.57028205693275,1.64348539216681
"TCGA-EE-A3AC-06","SKCM",0.234863672067466,0.122016826309694,-0.560192354917395,-0.165327076983123,0.287343903292817,0.300739287890979
"TCGA-EE-A3AD-06","SKCM",-0.640193609214225,0.838122779588051,0.399100594933707,0.117784782679415,0.720337996908636,0.753918679841824
"TCGA-EE-A3AE-06","SKCM",0.479161626488152,0.298781192793338,-0.218643070678097,-0.0645271565392112,0.363308349332549,0.38024504091105
"TCGA-EE-A3AF-06","SKCM",-0.00158638621776882,0.458087169002673,0.711379828497404,0.209946363312248,0.248140805690426,0.259708622124428
"TCGA-EE-A3AG-06","SKCM",-0.0615016171701735,0.181908588234851,-1.48054498273929,-0.436946652680416,0.618855240915267,0.647705005492316
"TCGA-EE-A3AH-06","SKCM",-0.309824240257395,-0.635255924730799,0.910550275151158,0.268726650971731,-0.903982575702531,-0.946124392991178
"TCGA-EE-A3J3-06","SKCM",-0.521397342290724,0.790954903271822,0.420169460541529,0.124002743234777,0.666952160037046,0.698044104532443
"TCGA-EE-A3J4-06","SKCM",-0.274363344530288,-0.630574904103571,0.412955406566773,0.121873691586043,-0.752448595689614,-0.787526209009768
"TCGA-EE-A3J5-06","SKCM",1.48287622785054,0.759325881586379,0.799791285308598,0.236038843150837,0.523287038435542,0.547681609034571
"TCGA-EE-A3J7-06","SKCM",-1.22374205122888,-0.149132382175655,0.0103666709360006,0.0030594694641051,-0.15219185163976,-0.159286724236878
"TCGA-EE-A3J8-06","SKCM",-1.1479119729126,-2.20728294145872,-1.72129515056237,-0.507998178428664,-1.69928476303006,-1.77850194036264
"TCGA-EE-A3JA-06","SKCM",-1.03791923836828,-1.2823448949979,-0.436993377737748,-0.128967911054439,-1.15337698394346,-1.20714505805098
"TCGA-EE-A3JB-06","SKCM",0.229574125589998,0.0301109933317069,-2.04798425006803,-0.604412478676449,0.634523472008156,0.664103657446957
"TCGA-EE-A3JD-06","SKCM",1.1538570033444,-1.60646028614426,-0.165250135094619,-0.0487695370464098,-1.55769074909785,-1.6303071033342
"TCGA-EE-A3JE-06","SKCM",0.237455109803121,-0.938713594035256,0.347040968220074,0.102420656700461,-1.04113425073572,-1.0896697983743
"TCGA-EE-A3JH-06","SKCM",0.54868241407178,1.17973398714615,1.63145276840877,0.481483395961051,0.698250591185096,0.730801604474865
"TCGA-EE-A3JI-06","SKCM",-1.56848155697393,-0.83940069595346,-0.439298427437797,-0.129648190115488,-0.709752505837972,-0.742839714845223
"TCGA-ER-A193-06","SKCM",0.992231914573314,1.87432125352465,0.77337287926574,0.228242096531075,1.64607915699358,1.72281599788098
"TCGA-ER-A194-01","SKCM",-0.741049325440609,-0.831004307609525,0.0860712298858458,0.0254018190795688,-0.856406126689094,-0.896330027310477
"TCGA-ER-A195-06","SKCM",0.353862418697797,0.185422005654527,-0.757374477959465,-0.223520559542661,0.408942565197188,0.428006630509174
"TCGA-ER-A196-01","SKCM",1.93559414619736,0.583299532482779,-0.218400106801994,-0.0644554516915886,0.647754984174367,0.677951995626355
"TCGA-ER-A197-06","SKCM",0.522894259489381,0.0536670756088346,0.889035916274045,0.262377213970144,-0.208710138361309,-0.218439777796312
"TCGA-ER-A198-06","SKCM",0.0376583776748915,1.84777976240711,0.388712689001686,0.114719046225425,1.73306071618169,1.81385245931313
"TCGA-ER-A199-06","SKCM",-0.370007234796515,-0.8714264790728,1.14859557467216,0.338979900974015,-1.21040638004682,-1.26683304786539
"TCGA-ER-A19A-06","SKCM",2.17553580708046,0.0549228119469655,1.69083139950492,0.499007547135575,-0.444084735188609,-0.464787056531973
"TCGA-ER-A19B-06","SKCM",-0.991081834926033,1.42538302923483,0.460127158686338,0.135795280885936,1.28958774834889,1.34970568947885
"TCGA-ER-A19C-06","SKCM",1.60502396169198,0.414776047706454,1.19276467538039,0.35201533112397,0.0627607165824847,0.0656864927226588
"TCGA-ER-A19D-06","SKCM",0.265192128830626,-1.80939556899112,-1.09476973932889,-0.323094521701408,-1.48630104728971,-1.55558935975761
"TCGA-ER-A19E-06","SKCM",0.423093413396688,-1.27963849129643,-1.34170603068149,-0.395971730560136,-0.883666760736295,-0.924861496316302
"TCGA-ER-A19F-06","SKCM",0.584466904478809,-0.26311421473849,-1.03796355392854,-0.306329564978309,0.0432153502398191,0.0452299614091284
"TCGA-ER-A19G-06","SKCM",0.586424152932151,1.77992734077083,0.541663243528345,0.159858662789041,1.62006867798178,1.69559296357934
"TCGA-ER-A19H-06","SKCM",-0.634552309705832,0.285700726203462,-1.17044958752762,-0.345429578542852,0.631130304746314,0.660552307672949
"TCGA-ER-A19J-06","SKCM",0.030716529336111,0.424036197136347,-0.197962150219351,-0.0584236885094321,0.482459885645779,0.504951177952144
"TCGA-ER-A19K-01","SKCM",1.72045265260817,1.92878195002482,1.15708158398137,0.341484339140703,1.58729761088411,1.66129417641371
"TCGA-ER-A19L-06","SKCM",0.627265689953924,-0.371814757904241,0.441706751315215,0.130358948024958,-0.502173705929199,-0.525584016184333
"TCGA-ER-A19M-06","SKCM",0.103934752124963,0.0702710603741381,0.0207660812979222,0.00612860116929952,0.0641424592048386,0.0671326493577341
"TCGA-ER-A19N-06","SKCM",1.09095060407552,0.986236135794161,0.907186662338339,0.267733962889567,0.718502172904595,0.751997273480521
"TCGA-ER-A19O-06","SKCM",1.95677359352009,0.329626705262025,0.629028757372266,0.185642458133899,0.143984247128126,0.150696498003318
"TCGA-ER-A19P-06","SKCM",0.280002993020703,-1.62862005558207,0.544224988085293,0.160614699060975,-1.78923475464305,-1.87264521646314
"TCGA-ER-A19Q-06","SKCM",1.52260783109907,1.11159462609434,0.578178056168726,0.170635116961306,0.940959509133031,0.98482511536895
"TCGA-ER-A19S-06","SKCM",-0.514171487980258,0.185410805007587,0.539408541682692,0.159193242666224,0.0262175623413634,0.0274397714321578
"TCGA-ER-A19T-01","SKCM",0.19860004513185,0.257810537400578,-2.18954119964553,-0.64618955131027,0.904000088710847,0.946142722420094
"TCGA-ER-A19T-06","SKCM",1.18104512797145,-0.725388409122479,-0.867860815758927,-0.256127900779312,-0.469260508343167,-0.491136472697908
"TCGA-ER-A19W-06","SKCM",-0.660815201406535,0.171451927032469,0.464794877443007,0.137172843952346,0.0342790830801233,0.0358771037663763
"TCGA-ER-A1A1-06","SKCM",0.515594023063599,-1.84209370946446,0.272893702151536,0.0805379040034724,-1.92263161346793,-2.01226076379217
"TCGA-ER-A2NB-01","SKCM",-0.265246971361883,-0.455633564061561,0.0852810784591223,0.0251686252049871,-0.480802189266548,-0.503216203160904
"TCGA-ER-A2NC-06","SKCM",0.330309602148356,-0.780271438426098,-0.151200887198693,-0.0446232450307197,-0.735648193395378,-0.769942606349852
"TCGA-ER-A2ND-06","SKCM",-2.62356207429319,-0.199715114515493,-0.042031671620292,-0.012404620214287,-0.187310494301206,-0.196042526133737
"TCGA-ER-A2NE-06","SKCM",0.638054931752717,1.4572213604091,0.71226818505568,0.210208540030315,1.24701282037879,1.30514600551476
"TCGA-ER-A2NF-06","SKCM",-1.0524574235099,1.21162809173453,0.206832802251589,0.0610416445714002,1.15058644716313,1.20422443215798
"TCGA-ER-A2NF-01","SKCM",0.506148954812434,0.975434171239254,0.188283648774583,0.0555673154450829,0.919866855794171,0.962749165706653
"TCGA-ER-A2NG-06","SKCM",0.887229620987353,0.447419064125666,1.03085028718557,0.304230258216811,0.143188805908855,0.149863974942618
"TCGA-ER-A2NH-06","SKCM",1.19941993110685,-0.699811962307546,0.620996476748789,0.183271926895243,-0.883083889202789,-0.924251452505002
"TCGA-ER-A3ES-06","SKCM",-1.52616935513799,-1.00863734374817,-2.11364077766932,-0.623789397511381,-0.384847946236792,-0.402788769732884
"TCGA-ER-A3ET-06","SKCM",1.21044118867568,0.292590321778841,0.890810580347328,0.262900962681256,0.0296893590975849,0.0310734162466235
"TCGA-ER-A3EV-06","SKCM",-0.737526528222199,-0.30399704613092,-0.495502330928051,-0.146235398058473,-0.157761648072447,-0.165116173178263
"TCGA-ER-A3PL-06","SKCM",-0.382802688938726,-0.410687584996606,-0.709011264187608,-0.209247339467049,-0.201440245529557,-0.210830977441717
"TCGA-ER-A42H-01","SKCM",-1.41879817679434,-1.51150717863488,-0.907100723303739,-0.267708600084694,-1.24379857855019,-1.30178192231144
"TCGA-ER-A42K-06","SKCM",-1.47127536772647,0.794080325866373,0.0333048600719728,0.00982911515428142,0.784251210712092,0.820811396846813
"TCGA-ER-A42L-06","SKCM",0.192791641160328,1.46267096296997,1.3140775798812,0.387817868815527,1.07485309415444,1.12496054525303
"TCGA-FR-A2OS-01","SKCM",0.608387177649662,0.0992702247349505,1.1707670835367,0.345523279727229,-0.246253054992278,-0.25773286835283
"TCGA-FR-A3R1-01","SKCM",0.234388099576619,-0.0893580066373068,0.168294266367155,0.0496679379632085,-0.139025944600515,-0.145507049561176
"TCGA-FR-A3YN-06","SKCM",0.0529094552939904,0.928491790573612,1.32658359320441,0.391508712878798,0.536983077694814,0.562016129609253
"TCGA-FR-A3YO-06","SKCM",0.348671259685803,0.99445355432222,0.294140830062517,0.0868084743191403,0.90764508000308,0.949957635745322
"TCGA-FR-A44A-06","SKCM",0.326765280869268,1.03528528636986,0.994302985267344,0.293444215628546,0.741841070741318,0.776424182961262
"TCGA-FR-A69P-06","SKCM",-0.837944680417091,0.564464118734123,-1.13707687779444,-0.335580439219972,0.900044557954096,0.942002792916164
"TCGA-FR-A726-01","SKCM",0.514513536048133,0.445972699412582,-0.717139165246109,-0.211646090739205,0.657618790151786,0.688275632047904
"TCGA-FR-A728-01","SKCM",-0.217806970079572,0.0864559787224495,0.336604135163429,0.0993404806018955,-0.012884501879446,-0.0134851509833702
"TCGA-FR-A729-06","SKCM",-1.04532764543854,-1.68354233720901,-0.261798016032872,-0.0772632835324534,-1.60627905367656,-1.68116049521542
"TCGA-FR-A7U8-06","SKCM",-0.641697338748739,1.23932333182464,-1.24781903363367,-0.36826327889637,1.60758661072101,1.6825290078928
"TCGA-FR-A7U9-06","SKCM",0.882513858496979,-0.238865538291476,-0.187040555428823,-0.0552004468374204,-0.183665091454056,-0.192227182067743
"TCGA-FR-A7UA-06","SKCM",-0.804182541679741,-0.142280089740306,1.07722135326443,0.317915544608376,-0.460195634348682,-0.481649012832978
"TCGA-FR-A8YC-06","SKCM",-1.27012814132838,-0.470408677338751,-1.18338484584895,-0.349247103772381,-0.121161573566371,-0.126809878116567
"TCGA-FR-A8YD-06","SKCM",1.04893169918564,0.32737388962516,-0.399169410008116,-0.117805091766115,0.445178981391275,0.46593231425276
"TCGA-FR-A8YE-06","SKCM",0.5016174878045,-0.626145536504893,0.410027937501457,0.121009720667342,-0.747155257172235,-0.781986105885812
"TCGA-FS-A1YW-06","SKCM",0.153130449405932,-0.0516420449792884,0.744731195060776,0.219789203720393,-0.271431248699681,-0.284084817912829
"TCGA-FS-A1YX-06","SKCM",-0.188118490104836,0.0201105115536675,0.259398989240213,0.0765552694302384,-0.0564447578765709,-0.0590760969502115
"TCGA-FS-A1YY-06","SKCM",0.564587255413288,-0.265700382443832,1.33334011518147,0.393502735144963,-0.659203117588795,-0.689933817587016
"TCGA-FS-A1Z0-06","SKCM",0.336175290106601,-0.475902577590451,-0.438975119152153,-0.129552773579791,-0.34634980401066,-0.362495922919238
"TCGA-FS-A1Z3-06","SKCM",-1.26317483347424,-2.37950951079719,-0.759145158612714,-0.224043132644743,-2.15546637815244,-2.25594980860942
"TCGA-FS-A1Z4-06","SKCM",0.0228122528840244,-0.127515097865691,-1.03568806653299,-0.30565801050864,0.178142912642949,0.186447570583985
"TCGA-FS-A1Z7-06","SKCM",0.230358954083138,-0.0765214460543109,1.5393649928426,0.454305940527054,-0.530827386581365,-0.555573472776375
"TCGA-FS-A1ZA-06","SKCM",0.349757180313685,0.279360776798149,0.457883753199882,0.135133194607343,0.144227582190806,0.150951176848529
"TCGA-FS-A1ZB-06","SKCM",1.32574978804775,0.855237176713918,0.544034904940379,0.160558600668241,0.694678576045676,0.727063069301316
"TCGA-FS-A1ZC-06","SKCM",-1.75003277256674,-1.3878653221275,-3.13396414747615,-0.924912893444499,-0.462952428683002,-0.484534323276195
"TCGA-FS-A1ZD-06","SKCM",1.16798467451324,-2.00341859761154,-2.29826610086747,-0.678277047607776,-1.32514155000376,-1.38691693659067
"TCGA-FS-A1ZE-06","SKCM",0.549608856284448,0.824950721535826,0.429940184637331,0.126886333559756,0.69806438797607,0.730606720853378
"TCGA-FS-A1ZF-06","SKCM",-1.52511525370221,-1.54796582298107,-2.28573206156277,-0.674577932361294,-0.873387890619772,-0.914103446315092
"TCGA-FS-A1ZG-06","SKCM",-0.193160711000464,-0.0416801823117001,0.837946605557319,0.247299453033681,-0.288979635345381,-0.302451274423601
"TCGA-FS-A1ZH-06","SKCM",1.10066610812024,-0.817362770761229,-1.18708802083508,-0.350340005327784,-0.467022765433445,-0.488794410794242
"TCGA-FS-A1ZJ-06","SKCM",-0.593245790503373,-1.54148756155105,-2.28104968086585,-0.673196042181699,-0.86829151936935,-0.908769492668899
"TCGA-FS-A1ZK-06","SKCM",-0.246530232990946,2.13689706081743,0.168182264386878,0.0496348833171516,2.08726217750027,2.18456606773219
"TCGA-FS-A1ZM-06","SKCM",-0.0960888368084749,0.496843571361521,0.00551442570726885,0.00162744792109448,0.495216123440426,0.518302085441629
"TCGA-FS-A1ZN-01","SKCM",0.176282580694731,-0.82378511664134,0.344977984522253,0.101811817501514,-0.925596934142854,-0.968746368578873
"TCGA-FS-A1ZP-06","SKCM",0.545183927537764,-0.674377295529742,0.0989687982133201,0.0292082210289241,-0.703585516558666,-0.736385233149122
"TCGA-FS-A1ZQ-06","SKCM",0.533988967697823,0.788032818229902,0.718007126861001,0.211902248388384,0.576130569841519,0.602988597707594
"TCGA-FS-A1ZR-06","SKCM",0.00591418944282214,-0.637058661225169,-0.00576493813626922,-0.00170138053954416,-0.635357280685625,-0.66497633657822
"TCGA-FS-A1ZS-06","SKCM",3.84904452993729,1.01612352337531,-0.584205611437269,-0.172414002526514,1.18853752590182,1.24394471250421
"TCGA-FS-A1ZT-06","SKCM",0.288648234527884,0.424099792206568,-1.06417230898297,-0.314064438234752,0.738164230441321,0.77257593589272
"TCGA-FS-A1ZU-06","SKCM",-0.693460975290196,0.793505252530523,-2.25102961164811,-0.664336352735683,1.45784160526621,1.5258031968015
"TCGA-FS-A1ZW-06","SKCM",-0.884528445819452,-2.03467315033545,-2.18798755446322,-0.64573103092097,-1.38894211941448,-1.45369175795191
"TCGA-FS-A1ZY-06","SKCM",-0.297970326423801,0.109698741958806,-1.85112122928424,-0.546313171346467,0.656011913305273,0.686593845891973
"TCGA-FS-A1ZZ-06","SKCM",-1.686362262972,-1.17065416807892,-0.428652302838302,-0.126506246735179,-1.04414792134374,-1.09282396013729
"TCGA-FS-A4F0-06","SKCM",-1.80836798281909,-1.17529560279174,0.604398294411569,0.17837337920005,-1.35366898199179,-1.41677425906428
"TCGA-FS-A4F2-06","SKCM",0.258504325355869,0.594516846087476,-0.714207503543223,-0.210780882466034,0.80529772855351,0.842839060269213
"TCGA-FS-A4F4-06","SKCM",1.1714552737222,0.764727824958428,0.933578914661972,0.275522990878552,0.489204834079876,0.51201056207579
"TCGA-FS-A4F5-06","SKCM",-0.663182313523367,0.27506814950374,0.340873894000186,0.100600595527969,0.174467553975771,0.182600874218952
"TCGA-FS-A4F8-06","SKCM",1.26606414143185,-0.946088911902239,-0.706741184953891,-0.208577381084118,-0.737511530818121,-0.771892808749118
"TCGA-FS-A4F9-06","SKCM",-1.18654064467634,-0.10665870952671,-1.20634673713903,-0.356023744573829,0.249365035047119,0.260989922547816
"TCGA-FS-A4FB-06","SKCM",-0.480198220647657,-1.42777787894445,0.414100209695568,0.122211552239341,-1.54998943118379,-1.62224676574305
"TCGA-FS-A4FC-06","SKCM",0.435063801417771,0.388521082465272,1.37417170890024,0.405553181708236,-0.0170320992429644,-0.0178261008461273
"TCGA-FS-A4FD-06","SKCM",-0.507720998769415,-0.542238302509688,-2.17100959473422,-0.640720401214061,0.0984820987043726,0.103073132559839
"TCGA-FW-A3I3-06","SKCM",-0.864421318784749,0.501591640107751,-1.82152984149706,-0.537579996743522,1.03917163685127,1.0876156914479
"TCGA-FW-A3R5-06","SKCM",0.293591016678467,0.522128985897151,-0.360934553135162,-0.106521008593281,0.628649994490431,0.657956370429963
"TCGA-FW-A3TU-06","SKCM",-0.927563896248862,0.391555801237843,-0.526690627540298,-0.155439861257093,0.546995662494936,0.57249548061768
"TCGA-FW-A3TV-06","SKCM",0.606962471098913,0.507094990642595,0.885006497509137,0.261188029540018,0.245906961102577,0.257370640274421
"TCGA-FW-A5DX-01","SKCM",-0.0437460964856082,-0.284908064830732,-1.25512210547364,-0.370418601991558,0.0855105371608251,0.0894968633690322
"TCGA-FW-A5DY-06","SKCM",-0.671987660185613,-1.42534107284473,-0.107553735038818,-0.0317418552332924,-1.39359921761144,-1.45856596053405
"TCGA-GF-A2C7-01","SKCM",-0.21974332510426,0.617256790941381,0.291148428210718,0.0859253400761003,0.531331450865281,0.556101035505421
"TCGA-GF-A3OT-06","SKCM",2.64834374437509,1.53975938157554,-1.02273065128708,-0.301833946204553,1.84159332778009,1.9274446391054
"TCGA-GF-A4EO-06","SKCM",-0.952601900287648,-0.902916885054857,0.672010569050168,0.198327488955489,-1.10124437401035,-1.15258213255467
"TCGA-GF-A6C8-06","SKCM",-0.603218561853685,-1.53465499724316,-0.104529193248303,-0.030849235673154,-1.50380576157001,-1.57391010798669
"TCGA-GF-A6C9-06","SKCM",0.41902248813999,-0.320746090970775,0.999866848101697,0.295086253708973,-0.615832344679748,-0.64454118802196
"TCGA-GF-A769-01","SKCM",-0.372012000195227,1.92436500588815,-1.71923975610769,-0.507391579009276,2.43175658489743,2.54512009924567
"TCGA-GN-A262-06","SKCM",-2.63625024471302,-1.02454424680708,-3.1059563213226,-0.916647068340012,-0.107897178467071,-0.112927124069049
"TCGA-GN-A263-01","SKCM",-0.743149427507732,0.224814022135288,0.858415017790397,0.253340204456429,-0.0285261823211414,-0.0298560145498057
"TCGA-GN-A264-06","SKCM",1.19630912778363,-0.327023501958006,0.53278614736541,0.157238804899455,-0.484262306857461,-0.506837624351281
"TCGA-GN-A265-06","SKCM",0.806666072389553,-0.0171195343860307,0.784743707870178,0.231597918579601,-0.248717452965632,-0.260312151515247
"TCGA-GN-A266-06","SKCM",2.12700832711807,-0.734341508868948,0.70320644584826,0.207534189260628,-0.941875698129575,-0.985784015221137
"TCGA-GN-A267-06","SKCM",-2.3488185661512,0.698514703805633,-0.982756628085505,-0.290036590612031,0.988551294417664,1.03463553226642
"TCGA-GN-A268-06","SKCM",-1.89971224441435,0.382490823479927,-0.60710054755363,-0.179170883145478,0.561661706625405,0.587845225705121
"TCGA-GN-A26A-06","SKCM",0.0316335264732728,-0.276798175281745,0.113848128551883,0.033599491582239,-0.310397666863984,-0.324867770730354
"TCGA-GN-A26C-01","SKCM",1.59303004126132,-0.980822568225077,0.399554096599463,0.117918622608054,-1.09874119083313,-1.14996225610158
"TCGA-GN-A26D-06","SKCM",0.966032987504542,1.14949435518619,0.202304253578679,0.0597051541525364,1.08978920103366,1.14059294286176
"TCGA-GN-A4U3-06","SKCM",-0.564781157230698,-0.43094272185369,-0.51939844861234,-0.153287752938558,-0.277654968915132,-0.290598675225193
"TCGA-GN-A4U4-06","SKCM",0.104151667594613,0.325010560090666,-1.06889744384904,-0.315458946262043,0.640469506352709,0.670326883741526
"TCGA-GN-A4U5-01","SKCM",-0.113742519474079,0.128890826400614,0.779366960350719,0.23001110300944,-0.101120276608826,-0.105834296918028
"TCGA-GN-A4U7-06","SKCM",-0.736786998907935,0.833623884109084,-0.282237304040545,-0.0832954396521545,0.916919323761238,0.959664225763742
"TCGA-GN-A4U8-06","SKCM",-1.22753197592149,-0.6767184188623,-0.184844233174174,-0.0545522560235211,-0.622166162838779,-0.651170275818671
"TCGA-GN-A4U9-06","SKCM",-2.48806775796407,-2.45355531795075,-3.2740905965063,-0.966267788817171,-1.48728752913358,-1.55662182936578
"TCGA-GN-A8LK-06","SKCM",-0.988005269382121,0.896235176308676,0.13637100329331,0.0402465673832041,0.855988608925472,0.895893045723345
"TCGA-GN-A8LL-06","SKCM",0.454055090893571,0.330173560509524,-1.64251236174183,-0.48474736452886,0.814920925038384,0.852910870476186
"TCGA-GN-A9SD-06","SKCM",-0.539904635286068,-0.419135273779552,0.15335291783596,0.0452583642566682,-0.46439363803622,-0.486042718859402
"TCGA-HR-A2OG-06","SKCM",0.339474577074693,-0.759417935145377,0.867636415278701,0.256061674464112,-1.01547960960949,-1.06281919039206
"TCGA-HR-A2OH-06","SKCM",-0.298660135883933,0.492551739683756,1.25122509105327,0.369268493466467,0.123283246217289,0.129030458803552
"TCGA-IH-A3EA-01","SKCM",-0.335722490355416,0.342371108655613,-0.882324793333237,-0.260396590119535,0.602767698775148,0.630867495067725
"TCGA-LH-A9QB-06","SKCM",-0.514911754840102,0.179312685044358,-0.19409957673244,-0.0572837443837795,0.236596429428138,0.247626070671342
"TCGA-OD-A75X-06","SKCM",-0.964323527367671,-0.970625484165423,-0.366169897761784,-0.108066092556889,-0.862559391608535,-0.902770144845149
"TCGA-QB-A6FS-06","SKCM",0.92479226564633,0.504251271593682,-0.850577786180414,-0.251027237165204,0.755278508758886,0.790488046833691
"TCGA-QB-AA9O-06","SKCM",-1.67501248969736,0.130308839795352,-0.329180396735155,-0.0971495457134412,0.227458385508794,0.23806202984943
"TCGA-RP-A690-06","SKCM",-0.762828706887522,0.30963273547073,-0.194787572802884,-0.0574867896026297,0.36711952507336,0.38423388586368
"TCGA-RP-A693-06","SKCM",-0.0252987597470205,-0.00158259917096107,1.31124005625202,0.386980443093156,-0.388563042264117,-0.406677055932455
"TCGA-RP-A694-06","SKCM",-0.433456866323857,0.85876532636827,1.07497963934624,0.317253957554798,0.541511368813472,0.56675552039076
"TCGA-RP-A695-06","SKCM",0.742102512711967,0.522668925683436,1.59833165350328,0.471708508700132,0.0509604169833043,0.0533360873105722
"TCGA-RP-A6K9-06","SKCM",0.10759315915927,-0.817239933507354,-0.366758152230887,-0.108239701480762,-0.709000232026593,-0.742052371568611
"TCGA-W3-A824-06","SKCM",-0.540060657334052,-0.603615410814258,0.691461602708241,0.204067985966491,-0.80768339678075,-0.845335943465906
"TCGA-W3-A825-06","SKCM",0.494688490172204,-1.1412247769678,-0.570450873546935,-0.168354627938274,-0.972870149029525,-1.01822336397852
"TCGA-W3-A828-06","SKCM",1.63372458131743,-0.980014136412306,-1.02728156225814,-0.303177036308963,-0.676837100103343,-0.708389860270834
"TCGA-W3-AA1O-06","SKCM",-0.557793253852944,0.705389276135116,-0.978429637198223,-0.288759585045555,0.994148861180671,1.04049404613408
"TCGA-W3-AA1Q-06","SKCM",-0.770764847310648,-0.800346768408755,1.23025236675663,0.363078906668469,-1.16342567507722,-1.21766219859641
"TCGA-W3-AA1R-06","SKCM",0.242484698072678,-0.0319296855781351,-0.0777363502722351,-0.0229419831474492,-0.00898770243068587,-0.00940669072079128
"TCGA-W3-AA1V-06","SKCM",3.04520843251855,-0.163257623282407,0.422844242489961,0.124792139729069,-0.288049763011476,-0.301478053344875
"TCGA-W3-AA1W-06","SKCM",-1.02105918822559,-0.400191854161096,0.65243806849487,0.192551143959608,-0.592742998120704,-0.620375463388649
"TCGA-W3-AA21-06","SKCM",-1.98620253119348,-0.448690418446823,-1.52086242133587,-0.448845358930344,0.000154940483521614,0.000162163491710799
"TCGA-WE-A8JZ-06","SKCM",0.314911153847815,-0.183029783360101,1.20138359415889,0.354558994270916,-0.537588777631017,-0.562650066036655
"TCGA-WE-A8K1-06","SKCM",0.274504642089379,1.24549623776985,0.194035985100324,0.0572649768683611,1.18823126090149,1.24362417005646
"TCGA-WE-A8K5-06","SKCM",-0.326527696988051,-0.906484234586873,-0.795451877181932,-0.234758172939756,-0.671726061647118,-0.703040555663726
"TCGA-WE-A8K6-06","SKCM",-0.736643724232699,0.0227772030007299,0.611531948537583,0.180478702799185,-0.157701499798455,-0.165053220914857
"TCGA-WE-A8ZM-06","SKCM",-1.42542741963572,0.605526262935123,-0.566332932763164,-0.167139318398624,0.772665581333747,0.808685669141841
"TCGA-WE-A8ZN-06","SKCM",-0.690784182813596,1.41668982716026,-0.253128265016406,-0.0747046184933078,1.49139444565357,1.56092020192735
"TCGA-WE-A8ZO-06","SKCM",0.681028362765389,0.869037727493136,0.000416469997206752,0.000122910937082499,0.868914816556054,0.9094218466946
"TCGA-WE-A8ZQ-06","SKCM",-1.61649619201307,-1.82223346793593,-1.85908877231459,-0.548664596867331,-1.2735688710686,-1.3329400449293
"TCGA-WE-A8ZT-06","SKCM",-0.745017385737608,-0.754084858641793,1.32068938019124,0.389769180020079,-1.14385403866187,-1.19717817255318
"TCGA-WE-A8ZX-06","SKCM",-0.965697124661192,0.297432509167887,-1.68004486531405,-0.495824165297353,0.79325667446524,0.830236676886563
"TCGA-WE-A8ZY-06","SKCM",0.516946907329592,1.4019006831384,1.17040637944543,0.345416826733821,1.05648385640457,1.10573497123984
"TCGA-WE-AA9Y-06","SKCM",0.289022991441578,0.277945524517189,0.0622983206816039,0.0183858261699512,0.259559698347238,0.271659840183208
"TCGA-WE-AAA0-06","SKCM",1.13269196409418,0.402313992740006,1.1258311409114,0.332261534934554,0.0700524578054522,0.0733181599957447
"TCGA-WE-AAA3-06","SKCM",-0.34888503817451,1.8660278382234,1.57252555187687,0.464092468758185,1.40193536946522,1.46729072672372
"TCGA-WE-AAA4-06","SKCM",1.53621690635127,1.02571862018188,1.37511702401108,0.40583216835047,0.619886451831412,0.648784289350554
"TCGA-XV-AB01-06","SKCM",0.793993679975264,-1.91561969313943,-0.443627501081503,-0.1309258103566,-1.78469388278283,-1.86789265845166
"TCGA-YD-A89C-06","SKCM",-0.172492382307313,-1.27469512472371,-2.73967965110369,-0.808549464502966,-0.466145660220739,-0.487876416731894
"TCGA-YD-A9TA-06","SKCM",0.475460060552792,-0.101158005966085,-1.05609312264642,-0.311680063921718,0.210522057955633,0.220336165373247
"TCGA-YD-A9TB-06","SKCM",-0.111166026845072,-1.84763537272238,0.512573472940978,0.151273528238199,-1.99890890096058,-2.09209394229334
"TCGA-YG-AA3O-06","SKCM",-0.197995461056096,-1.33806037947405,-0.397909348671201,-0.117433215470726,-1.22062716400332,-1.2775303038487
"TCGA-YG-AA3P-06","SKCM",-2.20956983078029,-0.24137960988102,-3.04256675174805,-0.897939186740085,0.656559576859066,0.687167040399614
"TCGA-Z2-A8RT-06","SKCM",0.21117015800023,0.363994914871475,1.45145613344728,0.428361790027372,-0.0643668751558976,-0.0673675271210673
"TCGA-Z2-AA3S-06","SKCM",-1.44447210116373,-2.80490043456547,-0.48533007177537,-0.143233304478892,-2.66166713008658,-2.78574860344035
"TCGA-Z2-AA3V-06","SKCM",0.407806745969024,0.0594581943862477,0.420924301179499,0.124225515993398,-0.0647673216071504,-0.067786641566191
